{
    "sample_rate": 0.004,
    "0": {
        "min": -0.030500000342726707,
        "max": 2.1572000980377197
    }
}