{
    "sample_rate": 0.004,
    "0": {
        "min": -0.03779999911785126,
        "max": 2.1278998851776123
    }
}