{
    "sample_rate": 0.001,
    "0": {
        "min": -0.04270000010728836,
        "max": 2.101099967956543
    }
}